,ID,Sequence
0,1,CCCTGTCTACCACCCAGACTATCGTGTAGTTCTGCCTGTTCCGTAAGTCGTAGATTGCTATCCTGGAAATCATCGTGCTCAGGATGTTAATATCTAGCGT
1,2,AGACTATCGTGTAGTTCTGCCTGTTCCGTAAGTCGTAGATTGCTATCCTGGAAATCATCGTGCTCAGGATGTTAATATCTAGCGTCCTACGTTACGAGTT
2,3,TCTGCCTGTTCCGTAAGTCGTAGATTGCTATCCTGGAAATCATCGTGCTCAGGATGTTAATATCTAGCGTCCTACGTTACGAGTTGGCAGATGACAGATC
3,4,AGTCGTAGATTGCTATCCTGGAAATCATCGTGCTCAGGATGTTAATATCTAGCGTCCTACGTTACGAGTTGGCAGATGACAGATCGTAGTCGTGGTAAGG
4,5,TCCTGGAAATCATCGTGCTCAGGATGTTAATATCTAGCGTCCTACGTTACGAGTTGGCAGATGACAGATCGTAGTCGTGGTAAGGGGCATTGCCGCTTGT
5,6,TGCTCAGGATGTTAATATCTAGCGTCCTACGTTACGAGTTGGCAGATGACAGATCGTAGTCGTGGTAAGGGGCATTGCCGCTTGTGACCCAGTTCGCGTG
6,7,TATCTAGCGTCCTACGTTACGAGTTGGCAGATGACAGATCGTAGTCGTGGTAAGGGGCATTGCCGCTTGTGACCCAGTTCGCGTGCCTAGCAGCACTCCA
7,8,GTTACGAGTTGGCAGATGACAGATCGTAGTCGTGGTAAGGGGCATTGCCGCTTGTGACCCAGTTCGCGTGCCTAGCAGCACTCCAAAATAAAGTTTACAG
8,9,ATGACAGATCGTAGTCGTGGTAAGGGGCATTGCCGCTTGTGACCCAGTTCGCGTGCCTAGCAGCACTCCAAAATAAAGTTTACAGTACCGTCCGGACGGC
9,10,CGTGGTAAGGGGCATTGCCGCTTGTGACCCAGTTCGCGTGCCTAGCAGCACTCCAAAATAAAGTTTACAGTACCGTCCGGACGGCAGAACTGTCCTCTAG
10,11,TGCCGCTTGTGACCCAGTTCGCGTGCCTAGCAGCACTCCAAAATAAAGTTTACAGTACCGTCCGGACGGCAGAACTGTCCTCTAGATCGTCCTAACGCCT
11,12,AGTTCGCGTGCCTAGCAGCACTCCAAAATAAAGTTTACAGTACCGTCCGGACGGCAGAACTGTCCTCTAGATCGTCCTAACGCCTTAGTCGAATCCCTTG
12,13,CAGCACTCCAAAATAAAGTTTACAGTACCGTCCGGACGGCAGAACTGTCCTCTAGATCGTCCTAACGCCTTAGTCGAATCCCTTGCCGTCGGTAACCACT
13,14,AAGTTTACAGTACCGTCCGGACGGCAGAACTGTCCTCTAGATCGTCCTAACGCCTTAGTCGAATCCCTTGCCGTCGGTAACCACTGAATAAACTACGCGT
14,15,TCCGGACGGCAGAACTGTCCTCTAGATCGTCCTAACGCCTTAGTCGAATCCCTTGCCGTCGGTAACCACTGAATAAACTACGCGTTAGGACTTTGTCAGA
15,16,TGTCCTCTAGATCGTCCTAACGCCTTAGTCGAATCCCTTGCCGTCGGTAACCACTGAATAAACTACGCGTTAGGACTTTGTCAGACGCGAGGAGCTAGTA
16,17,CCTAACGCCTTAGTCGAATCCCTTGCCGTCGGTAACCACTGAATAAACTACGCGTTAGGACTTTGTCAGACGCGAGGAGCTAGTAGGAGGACAAATCAGC
17,18,GAATCCCTTGCCGTCGGTAACCACTGAATAAACTACGCGTTAGGACTTTGTCAGACGCGAGGAGCTAGTAGGAGGACAAATCAGCAAACGACCCTGAATT
18,19,GGTAACCACTGAATAAACTACGCGTTAGGACTTTGTCAGACGCGAGGAGCTAGTAGGAGGACAAATCAGCAAACGACCCTGAATTGAACAATGTGAGTAG
19,20,AACTACGCGTTAGGACTTTGTCAGACGCGAGGAGCTAGTAGGAGGACAAATCAGCAAACGACCCTGAATTGAACAATGTGAGTAGGTATAACTGTGCTTG
20,21,CTTTGTCAGACGCGAGGAGCTAGTAGGAGGACAAATCAGCAAACGACCCTGAATTGAACAATGTGAGTAGGTATAACTGTGCTTGTATGACGTCCCGTTC
21,22,GGAGCTAGTAGGAGGACAAATCAGCAAACGACCCTGAATTGAACAATGTGAGTAGGTATAACTGTGCTTGTATGACGTCCCGTTCGGTCGTTCTTGAGCA
22,23,ACAAATCAGCAAACGACCCTGAATTGAACAATGTGAGTAGGTATAACTGTGCTTGTATGACGTCCCGTTCGGTCGTTCTTGAGCAACTTCGGCCAGTGCA
23,24,ACCCTGAATTGAACAATGTGAGTAGGTATAACTGTGCTTGTATGACGTCCCGTTCGGTCGTTCTTGAGCAACTTCGGCCAGTGCATGCTATGGGGGAAGC
24,25,ATGTGAGTAGGTATAACTGTGCTTGTATGACGTCCCGTTCGGTCGTTCTTGAGCAACTTCGGCCAGTGCATGCTATGGGGGAAGCTATGAATTCTATGTT
25,26,ACTGTGCTTGTATGACGTCCCGTTCGGTCGTTCTTGAGCAACTTCGGCCAGTGCATGCTATGGGGGAAGCTATGAATTCTATGTTGGAACTTGGGCCCGG
26,27,CGTCCCGTTCGGTCGTTCTTGAGCAACTTCGGCCAGTGCATGCTATGGGGGAAGCTATGAATTCTATGTTGGAACTTGGGCCCGGCATAGTAGTTTATGC
27,28,TTCTTGAGCAACTTCGGCCAGTGCATGCTATGGGGGAAGCTATGAATTCTATGTTGGAACTTGGGCCCGGCATAGTAGTTTATGCCTGTGGACCGGTGTT
28,29,GGCCAGTGCATGCTATGGGGGAAGCTATGAATTCTATGTTGGAACTTGGGCCCGGCATAGTAGTTTATGCCTGTGGACCGGTGTTGAGTGTATCTGCTGG
29,30,TGGGGGAAGCTATGAATTCTATGTTGGAACTTGGGCCCGGCATAGTAGTTTATGCCTGTGGACCGGTGTTGAGTGTATCTGCTGGACCCCGGCGCGTTCA
30,31,ATTCTATGTTGGAACTTGGGCCCGGCATAGTAGTTTATGCCTGTGGACCGGTGTTGAGTGTATCTGCTGGACCCCGGCGCGTTCACCTGTCCACATCTAA
31,32,TTGGGCCCGGCATAGTAGTTTATGCCTGTGGACCGGTGTTGAGTGTATCTGCTGGACCCCGGCGCGTTCACCTGTCCACATCTAATCCAAACATATACTA
32,33,TAGTTTATGCCTGTGGACCGGTGTTGAGTGTATCTGCTGGACCCCGGCGCGTTCACCTGTCCACATCTAATCCAAACATATACTATTGGTATTTGAGCGT
33,34,GACCGGTGTTGAGTGTATCTGCTGGACCCCGGCGCGTTCACCTGTCCACATCTAATCCAAACATATACTATTGGTATTTGAGCGTCTCACAACGACATCG
34,35,TATCTGCTGGACCCCGGCGCGTTCACCTGTCCACATCTAATCCAAACATATACTATTGGTATTTGAGCGTCTCACAACGACATCGACTGGTATTAGACAC
35,36,GGCGCGTTCACCTGTCCACATCTAATCCAAACATATACTATTGGTATTTGAGCGTCTCACAACGACATCGACTGGTATTAGACACCTACCAGGAACAACC
36,37,CCACATCTAATCCAAACATATACTATTGGTATTTGAGCGTCTCACAACGACATCGACTGGTATTAGACACCTACCAGGAACAACCAATCGGTTTAGATGA
37,38,ACATATACTATTGGTATTTGAGCGTCTCACAACGACATCGACTGGTATTAGACACCTACCAGGAACAACCAATCGGTTTAGATGACGCACAGCCACGGAC
38,39,ATTTGAGCGTCTCACAACGACATCGACTGGTATTAGACACCTACCAGGAACAACCAATCGGTTTAGATGACGCACAGCCACGGACAGCCTCTGTTGCTTG
39,40,AACGACATCGACTGGTATTAGACACCTACCAGGAACAACCAATCGGTTTAGATGACGCACAGCCACGGACAGCCTCTGTTGCTTGAGCAGTCCCAAAGTG
40,41,TATTAGACACCTACCAGGAACAACCAATCGGTTTAGATGACGCACAGCCACGGACAGCCTCTGTTGCTTGAGCAGTCCCAAAGTGCGTACCTGAAGCCTG
41,42,AGGAACAACCAATCGGTTTAGATGACGCACAGCCACGGACAGCCTCTGTTGCTTGAGCAGTCCCAAAGTGCGTACCTGAAGCCTGCCAAAACGTAGCCTA
42,43,GTTTAGATGACGCACAGCCACGGACAGCCTCTGTTGCTTGAGCAGTCCCAAAGTGCGTACCTGAAGCCTGCCAAAACGTAGCCTAGGCAAATGCCCGTCG
43,44,AGCCACGGACAGCCTCTGTTGCTTGAGCAGTCCCAAAGTGCGTACCTGAAGCCTGCCAAAACGTAGCCTAGGCAAATGCCCGTCGTCTTGCTCATAACTC
44,45,CTGTTGCTTGAGCAGTCCCAAAGTGCGTACCTGAAGCCTGCCAAAACGTAGCCTAGGCAAATGCCCGTCGTCTTGCTCATAACTCCTTGGGACTGGCGTA
45,46,TCCCAAAGTGCGTACCTGAAGCCTGCCAAAACGTAGCCTAGGCAAATGCCCGTCGTCTTGCTCATAACTCCTTGGGACTGGCGTATCCATAAATAATCCA
46,47,CTGAAGCCTGCCAAAACGTAGCCTAGGCAAATGCCCGTCGTCTTGCTCATAACTCCTTGGGACTGGCGTATCCATAAATAATCCATTCGATTCCTTGAGA
47,48,ACGTAGCCTAGGCAAATGCCCGTCGTCTTGCTCATAACTCCTTGGGACTGGCGTATCCATAAATAATCCATTCGATTCCTTGAGAGTTCCACATTAGAGA
48,49,ATGCCCGTCGTCTTGCTCATAACTCCTTGGGACTGGCGTATCCATAAATAATCCATTCGATTCCTTGAGAGTTCCACATTAGAGACTTATCCATCGAGGA
49,50,CTCATAACTCCTTGGGACTGGCGTATCCATAAATAATCCATTCGATTCCTTGAGAGTTCCACATTAGAGACTTATCCATCGAGGATCAGGCCAAATCCGC
50,51,GACTGGCGTATCCATAAATAATCCATTCGATTCCTTGAGAGTTCCACATTAGAGACTTATCCATCGAGGATCAGGCCAAATCCGCGAGACCCGACCGAGA
51,52,AAATAATCCATTCGATTCCTTGAGAGTTCCACATTAGAGACTTATCCATCGAGGATCAGGCCAAATCCGCGAGACCCGACCGAGATCAAGTATAACTCAT
52,53,TTCCTTGAGAGTTCCACATTAGAGACTTATCCATCGAGGATCAGGCCAAATCCGCGAGACCCGACCGAGATCAAGTATAACTCATTACGCGTGGTGTGGT
53,54,ACATTAGAGACTTATCCATCGAGGATCAGGCCAAATCCGCGAGACCCGACCGAGATCAAGTATAACTCATTACGCGTGGTGTGGTTGCGGCCCACCCTTA
54,55,CCATCGAGGATCAGGCCAAATCCGCGAGACCCGACCGAGATCAAGTATAACTCATTACGCGTGGTGTGGTTGCGGCCCACCCTTATCGTGAGCCAGTTGT
55,56,CCAAATCCGCGAGACCCGACCGAGATCAAGTATAACTCATTACGCGTGGTGTGGTTGCGGCCCACCCTTATCGTGAGCCAGTTGTTGGATATACCCCTGG
56,57,CCGACCGAGATCAAGTATAACTCATTACGCGTGGTGTGGTTGCGGCCCACCCTTATCGTGAGCCAGTTGTTGGATATACCCCTGGGCGGGCCTAAAGCTC
57,58,TATAACTCATTACGCGTGGTGTGGTTGCGGCCCACCCTTATCGTGAGCCAGTTGTTGGATATACCCCTGGGCGGGCCTAAAGCTCCGCAACGAACACCCC
58,59,GTGGTGTGGTTGCGGCCCACCCTTATCGTGAGCCAGTTGTTGGATATACCCCTGGGCGGGCCTAAAGCTCCGCAACGAACACCCCCTCCGCTGTGTCTGG
59,60,CCCACCCTTATCGTGAGCCAGTTGTTGGATATACCCCTGGGCGGGCCTAAAGCTCCGCAACGAACACCCCCTCCGCTGTGTCTGGTCGATTCTGGCTAGC
60,61,AGCCAGTTGTTGGATATACCCCTGGGCGGGCCTAAAGCTCCGCAACGAACACCCCCTCCGCTGTGTCTGGTCGATTCTGGCTAGCCGCTCCGTTTGGGTA
61,62,ATACCCCTGGGCGGGCCTAAAGCTCCGCAACGAACACCCCCTCCGCTGTGTCTGGTCGATTCTGGCTAGCCGCTCCGTTTGGGTAACAAATCACAGGACG
62,63,CCTAAAGCTCCGCAACGAACACCCCCTCCGCTGTGTCTGGTCGATTCTGGCTAGCCGCTCCGTTTGGGTAACAAATCACAGGACGCCATGGATTGCCTCT
63,64,CGAACACCCCCTCCGCTGTGTCTGGTCGATTCTGGCTAGCCGCTCCGTTTGGGTAACAAATCACAGGACGCCATGGATTGCCTCTTAAGTCTGGCCAGTC
64,65,CTGTGTCTGGTCGATTCTGGCTAGCCGCTCCGTTTGGGTAACAAATCACAGGACGCCATGGATTGCCTCTTAAGTCTGGCCAGTCGGGATGTCCTGCAGC
65,66,TCTGGCTAGCCGCTCCGTTTGGGTAACAAATCACAGGACGCCATGGATTGCCTCTTAAGTCTGGCCAGTCGGGATGTCCTGCAGCCCGGGTCACTTCTCT
66,67,CGTTTGGGTAACAAATCACAGGACGCCATGGATTGCCTCTTAAGTCTGGCCAGTCGGGATGTCCTGCAGCCCGGGTCACTTCTCTGGTACCCTCTTGGCA
67,68,TCACAGGACGCCATGGATTGCCTCTTAAGTCTGGCCAGTCGGGATGTCCTGCAGCCCGGGTCACTTCTCTGGTACCCTCTTGGCATAACTTCTTCAAATT
68,69,GATTGCCTCTTAAGTCTGGCCAGTCGGGATGTCCTGCAGCCCGGGTCACTTCTCTGGTACCCTCTTGGCATAACTTCTTCAAATTTAGAGTTTAATGTTT
69,70,CTGGCCAGTCGGGATGTCCTGCAGCCCGGGTCACTTCTCTGGTACCCTCTTGGCATAACTTCTTCAAATTTAGAGTTTAATGTTTCGGGTGAGCTGCATA
70,71,GTCCTGCAGCCCGGGTCACTTCTCTGGTACCCTCTTGGCATAACTTCTTCAAATTTAGAGTTTAATGTTTCGGGTGAGCTGCATACTGTGATGGGGGGTA
71,72,TCACTTCTCTGGTACCCTCTTGGCATAACTTCTTCAAATTTAGAGTTTAATGTTTCGGGTGAGCTGCATACTGTGATGGGGGGTACTTGGCGTCAAGCGC
72,73,CCTCTTGGCATAACTTCTTCAAATTTAGAGTTTAATGTTTCGGGTGAGCTGCATACTGTGATGGGGGGTACTTGGCGTCAAGCGCCACCTTTAGTAGTAC
73,74,TCTTCAAATTTAGAGTTTAATGTTTCGGGTGAGCTGCATACTGTGATGGGGGGTACTTGGCGTCAAGCGCCACCTTTAGTAGTACTCGAAAAGGCTCATG
74,75,TTTAATGTTTCGGGTGAGCTGCATACTGTGATGGGGGGTACTTGGCGTCAAGCGCCACCTTTAGTAGTACTCGAAAAGGCTCATGGTAAACCGTGCATAC
75,76,GAGCTGCATACTGTGATGGGGGGTACTTGGCGTCAAGCGCCACCTTTAGTAGTACTCGAAAAGGCTCATGGTAAACCGTGCATACGTTCTAAGGTTCCCC
76,77,ATGGGGGGTACTTGGCGTCAAGCGCCACCTTTAGTAGTACTCGAAAAGGCTCATGGTAAACCGTGCATACGTTCTAAGGTTCCCCGCTATGGACTGGACC
77,78,CGTCAAGCGCCACCTTTAGTAGTACTCGAAAAGGCTCATGGTAAACCGTGCATACGTTCTAAGGTTCCCCGCTATGGACTGGACCGACCACGAAGTGGTG
78,79,TTAGTAGTACTCGAAAAGGCTCATGGTAAACCGTGCATACGTTCTAAGGTTCCCCGCTATGGACTGGACCGACCACGAAGTGGTGGATCATGAGACGTAC
79,80,AAGGCTCATGGTAAACCGTGCATACGTTCTAAGGTTCCCCGCTATGGACTGGACCGACCACGAAGTGGTGGATCATGAGACGTACCTGCTTAAGTCGGTG
80,81,CCGTGCATACGTTCTAAGGTTCCCCGCTATGGACTGGACCGACCACGAAGTGGTGGATCATGAGACGTACCTGCTTAAGTCGGTGATTGACGTCACACCT
81,82,AAGGTTCCCCGCTATGGACTGGACCGACCACGAAGTGGTGGATCATGAGACGTACCTGCTTAAGTCGGTGATTGACGTCACACCTCTCGCGCCCATAGCG
82,83,GGACTGGACCGACCACGAAGTGGTGGATCATGAGACGTACCTGCTTAAGTCGGTGATTGACGTCACACCTCTCGCGCCCATAGCGAAGCTTATGTACTAA
83,84,CGAAGTGGTGGATCATGAGACGTACCTGCTTAAGTCGGTGATTGACGTCACACCTCTCGCGCCCATAGCGAAGCTTATGTACTAAACCCCTTAGTGTTAA
84,85,TGAGACGTACCTGCTTAAGTCGGTGATTGACGTCACACCTCTCGCGCCCATAGCGAAGCTTATGTACTAAACCCCTTAGTGTTAAGTCCTTACATCTGTT
85,86,TAAGTCGGTGATTGACGTCACACCTCTCGCGCCCATAGCGAAGCTTATGTACTAAACCCCTTAGTGTTAAGTCCTTACATCTGTTATGTCTATTGGAGGA
86,87,CGTCACACCTCTCGCGCCCATAGCGAAGCTTATGTACTAAACCCCTTAGTGTTAAGTCCTTACATCTGTTATGTCTATTGGAGGACAAGGGGTGTACGCT
87,88,GCCCATAGCGAAGCTTATGTACTAAACCCCTTAGTGTTAAGTCCTTACATCTGTTATGTCTATTGGAGGACAAGGGGTGTACGCTGCACAGAGCCTTCTT
88,89,TATGTACTAAACCCCTTAGTGTTAAGTCCTTACATCTGTTATGTCTATTGGAGGACAAGGGGTGTACGCTGCACAGAGCCTTCTTCAGGTAGGAAGAATA
89,90,TTAGTGTTAAGTCCTTACATCTGTTATGTCTATTGGAGGACAAGGGGTGTACGCTGCACAGAGCCTTCTTCAGGTAGGAAGAATACAAAATGCCTTTTTC
90,91,TACATCTGTTATGTCTATTGGAGGACAAGGGGTGTACGCTGCACAGAGCCTTCTTCAGGTAGGAAGAATACAAAATGCCTTTTTCGACACGTATAAGCCG
91,92,TATTGGAGGACAAGGGGTGTACGCTGCACAGAGCCTTCTTCAGGTAGGAAGAATACAAAATGCCTTTTTCGACACGTATAAGCCGACGAGAGTAACACTG
92,93,GGTGTACGCTGCACAGAGCCTTCTTCAGGTAGGAAGAATACAAAATGCCTTTTTCGACACGTATAAGCCGACGAGAGTAACACTGATATCAGCGAAAAAT
93,94,GAGCCTTCTTCAGGTAGGAAGAATACAAAATGCCTTTTTCGACACGTATAAGCCGACGAGAGTAACACTGATATCAGCGAAAAATGGGCCCGGGTGTAGA
94,95,AGGAAGAATACAAAATGCCTTTTTCGACACGTATAAGCCGACGAGAGTAACACTGATATCAGCGAAAAATGGGCCCGGGTGTAGAGCGATGTATTTGCTG
95,96,TGCCTTTTTCGACACGTATAAGCCGACGAGAGTAACACTGATATCAGCGAAAAATGGGCCCGGGTGTAGAGCGATGTATTTGCTGTTTTATGTGTCCAGG
96,97,GTATAAGCCGACGAGAGTAACACTGATATCAGCGAAAAATGGGCCCGGGTGTAGAGCGATGTATTTGCTGTTTTATGTGTCCAGGCAACTCCTAACGTCG
97,98,AGTAACACTGATATCAGCGAAAAATGGGCCCGGGTGTAGAGCGATGTATTTGCTGTTTTATGTGTCCAGGCAACTCCTAACGTCGTTAAGAAGCACCTTT
98,99,AGCGAAAAATGGGCCCGGGTGTAGAGCGATGTATTTGCTGTTTTATGTGTCCAGGCAACTCCTAACGTCGTTAAGAAGCACCTTTCTTAGATCCACCGAC
99,100,CGGGTGTAGAGCGATGTATTTGCTGTTTTATGTGTCCAGGCAACTCCTAACGTCGTTAAGAAGCACCTTTCTTAGATCCACCGACCCGCGCTGCCTACAA
100,101,GTATTTGCTGTTTTATGTGTCCAGGCAACTCCTAACGTCGTTAAGAAGCACCTTTCTTAGATCCACCGACCCGCGCTGCCTACAATGAGCACTTGTGCTT
101,102,TGTGTCCAGGCAACTCCTAACGTCGTTAAGAAGCACCTTTCTTAGATCCACCGACCCGCGCTGCCTACAATGAGCACTTGTGCTTCTCATATTTAATACT
102,103,CCTAACGTCGTTAAGAAGCACCTTTCTTAGATCCACCGACCCGCGCTGCCTACAATGAGCACTTGTGCTTCTCATATTTAATACTTCGCATACCTAGAAA
103,104,AAGCACCTTTCTTAGATCCACCGACCCGCGCTGCCTACAATGAGCACTTGTGCTTCTCATATTTAATACTTCGCATACCTAGAAACCACAAGTAGCTGAC
104,105,ATCCACCGACCCGCGCTGCCTACAATGAGCACTTGTGCTTCTCATATTTAATACTTCGCATACCTAGAAACCACAAGTAGCTGACCGACTAACGCAACGG
105,106,CTGCCTACAATGAGCACTTGTGCTTCTCATATTTAATACTTCGCATACCTAGAAACCACAAGTAGCTGACCGACTAACGCAACGGCTTCGATGATAAAGT
106,107,ACTTGTGCTTCTCATATTTAATACTTCGCATACCTAGAAACCACAAGTAGCTGACCGACTAACGCAACGGCTTCGATGATAAAGTATTGACCTTTCGCTT
107,108,ATTTAATACTTCGCATACCTAGAAACCACAAGTAGCTGACCGACTAACGCAACGGCTTCGATGATAAAGTATTGACCTTTCGCTTTTTTGACATACTTCC
108,109,TACCTAGAAACCACAAGTAGCTGACCGACTAACGCAACGGCTTCGATGATAAAGTATTGACCTTTCGCTTTTTTGACATACTTCCCCGTCACCTGCGATC
109,110,AGTAGCTGACCGACTAACGCAACGGCTTCGATGATAAAGTATTGACCTTTCGCTTTTTTGACATACTTCCCCGTCACCTGCGATCGGGCCCGGTGTGTTC
110,111,AACGCAACGGCTTCGATGATAAAGTATTGACCTTTCGCTTTTTTGACATACTTCCCCGTCACCTGCGATCGGGCCCGGTGTGTTCATATACGATGCCTCT
111,112,ATGATAAAGTATTGACCTTTCGCTTTTTTGACATACTTCCCCGTCACCTGCGATCGGGCCCGGTGTGTTCATATACGATGCCTCTCCACTTGTCGACAAG
112,113,CCTTTCGCTTTTTTGACATACTTCCCCGTCACCTGCGATCGGGCCCGGTGTGTTCATATACGATGCCTCTCCACTTGTCGACAAGCCAGTCACTATGTAA
113,114,ACATACTTCCCCGTCACCTGCGATCGGGCCCGGTGTGTTCATATACGATGCCTCTCCACTTGTCGACAAGCCAGTCACTATGTAAGCGAACCACCATAAT
114,115,ACCTGCGATCGGGCCCGGTGTGTTCATATACGATGCCTCTCCACTTGTCGACAAGCCAGTCACTATGTAAGCGAACCACCATAATTGATCGACGATAAAG
115,116,CGGTGTGTTCATATACGATGCCTCTCCACTTGTCGACAAGCCAGTCACTATGTAAGCGAACCACCATAATTGATCGACGATAAAGTGACGCGTCCATGCT
116,117,CGATGCCTCTCCACTTGTCGACAAGCCAGTCACTATGTAAGCGAACCACCATAATTGATCGACGATAAAGTGACGCGTCCATGCTCATGTATTTATATGA
117,118,TGTCGACAAGCCAGTCACTATGTAAGCGAACCACCATAATTGATCGACGATAAAGTGACGCGTCCATGCTCATGTATTTATATGACGGCCAAAAATGGAG
118,119,CACTATGTAAGCGAACCACCATAATTGATCGACGATAAAGTGACGCGTCCATGCTCATGTATTTATATGACGGCCAAAAATGGAGATATTATAGTCGACC
119,120,CCACCATAATTGATCGACGATAAAGTGACGCGTCCATGCTCATGTATTTATATGACGGCCAAAAATGGAGATATTATAGTCGACCAAGTATTGGCGTCGA
120,121,GACGATAAAGTGACGCGTCCATGCTCATGTATTTATATGACGGCCAAAAATGGAGATATTATAGTCGACCAAGTATTGGCGTCGAACAACCGCGCCCTGC
121,122,CGTCCATGCTCATGTATTTATATGACGGCCAAAAATGGAGATATTATAGTCGACCAAGTATTGGCGTCGAACAACCGCGCCCTGCAGAATCCCAAGATTC
122,123,ATTTATATGACGGCCAAAAATGGAGATATTATAGTCGACCAAGTATTGGCGTCGAACAACCGCGCCCTGCAGAATCCCAAGATTCGCCAGGCGGCGAACG
123,124,AAAAATGGAGATATTATAGTCGACCAAGTATTGGCGTCGAACAACCGCGCCCTGCAGAATCCCAAGATTCGCCAGGCGGCGAACGAGGCCTACGGGCAAC
124,125,ATAGTCGACCAAGTATTGGCGTCGAACAACCGCGCCCTGCAGAATCCCAAGATTCGCCAGGCGGCGAACGAGGCCTACGGGCAACGGGTTATACTTAGCT
125,126,TTGGCGTCGAACAACCGCGCCCTGCAGAATCCCAAGATTCGCCAGGCGGCGAACGAGGCCTACGGGCAACGGGTTATACTTAGCTGCAACCAACGCCTTT
126,127,CGCGCCCTGCAGAATCCCAAGATTCGCCAGGCGGCGAACGAGGCCTACGGGCAACGGGTTATACTTAGCTGCAACCAACGCCTTTCCACATGTTTGAGAA
